{"total_docs": 30, "accuracy": {"PESSOA": 53.333333333333336, "CPF": 96.66666666666667, "EMAIL": 100.0, "TELEFONE": 93.33333333333333, "CNPJ": 96.66666666666667}, "latency": {"avg_ms": 24.92382526397705, "min_ms": 19.312620162963867, "max_ms": 41.74494743347168, "p95_ms": 33.4862470626831}}