{"total_docs": 30, "accuracy": {"PESSOA": 53.333333333333336, "CPF": 96.66666666666667, "EMAIL": 100.0, "TELEFONE": 93.33333333333333, "CNPJ": 96.66666666666667}, "latency": {"avg_ms": 2857.095948855082, "p95_ms": 3418.303644657132}, "adversarial_risk": {"Baixo": 30}, "approval_rate": 100.0}