{"total_docs": 100, "accuracy": {"PESSOA": 64.0, "CPF": 98.0, "EMAIL": 83.0, "TELEFONE": 78.0, "CNPJ": 84.0}, "latency": {"avg_ms": 2552.14599609375, "p95_ms": 2604.1754007339478}, "adversarial_risk": {"Baixo": 84, "M\u00e9dio": 16}, "approval_rate": 84.0}